class,text
no,ive had the iphone 8 plus and iphone x and id have to say iphone 8 plus was better my opinion
yes,i need some new phone cases iphonex phonecases new
no,jailbroke first time on 1131 using mp great job hopefully itll work on my wifes iphone x 1126
no,cactus travel mug etsyme2c8zcsc craftbuzz crafthour iphonex giftsforgirls etsymntt atsocialmedia etsyclub brumisbrill
yes,official discount code oneplus 6t onepluscomitinviteep5n 7cio2cy48 oneplus oneplus6t officialdiscount bestsmartphone android iphonex faceunlock dashcharge neversettle wind vodafone discount smartphone down ota xiaomi tre instagram
no,ever since my dad got his iphone x he been acting brand new
yes,free iphone x offer is a most imported offer now apple company provide this chancethis offer little time longer soplease try to apply this offer nowwhen this offer endyou loss a largest offer so dont late for this offer googlqphhvu
yes,free iphonex offer is a most imported offer now apple company provide this chancethis offer little time longer soplease try to apply this offer nowwhen this offer endyou loss a largest offer so dont late for this offer googlqphhvu pictwittercomahexondf8m
yes,need a wirelesscharger for the car or you stay in ga which is a handsfree state no matter what it is check what we have for you baseus 10w wireless car charger iphone x xr xs xs max samsung wireless charging compatible devices w mount holder accessoriesmonstercom pictwittercoms5udgrov0k
no,b is the iphone x aand p must be the google pixel 3 xl
yes,unique wood carved iphone case now with the sizes for iphone x and iphone 66s78 plus buffly2tsa8vs share and tag a friend who needs it iphonecase phonecase phonecases christmasgift christmasgiftideas pictwittercomed0oophkif
no,27 off sale coupon selfiestick amazon yoozon selfie stick bluetooth extendable selfie stick with wireless remote and tripod stand selfie stick for iphone x iphone 88 plusiphone 7iphone 7 plusgalaxy s9s9 pl amznto2rgdmbr
no,react native iphone x reactnative feedly buffly2rfw6hl
no,popsockets diamond phone grip ebaycomulkitm352520 583715 ebay sale shopping thursdaythoughts iphonex onlineshopping thursdaymotivation xmasshopping christmas goodformvideo diamond
no,only 239 green adhesive silicone card pouch for cell phone free shipping only 2left ebaycomulkitm352477 410578 ebay sale shopping thursdaythoughts iphonex onlineshopping thursdaymotivation xmasshopping christmas goodformvideo larain
no,popsockets phone grip harry potter deathly hallows ebaycomulkitm352528 999200 ebay sale shopping thursdaythoughts iphonex onlineshopping thursdaymotivation xmasshopping christmas goodformvideo fantasticbeasts harrypotter
no,gamesaccessoriesled digital usb cable for iphone x 7 8 plus 6 charger 21amax voltage current display charge data nylon braided cable pictwittercomaayojzwryd
no,peelhq my peel iphonex case is expanding and not tight on my phone its only a month or two old not sure why
no,protector tempered glass safety touch high quality best for iphone iphone 7 iphone 8 iphone 8plus iphone x shopwholesaleproductsprocomindexphprou teproductproductproductid59xabrgteaf24twitter
no,hey friends im selling this iphone x verizon on 5miles please share to help me sell faster app5milesuscbffuuv
no,i shot this picture today with my iphone x and the background is clear and sharp pictwittercom1sngo8adpf
no,refurb otterbox pursuit case for iphone x for 10 free shipping dnwsakc9q
no,snapchatsupport when will you be updating the app to better support the iphone x max the screen is extremely zoomed in all the time and the camera quality doesnt look so good
no,the iphone x 2 jaguar
no,seattle out of my bedroom window at 1241 nov 29 2018 unedited pic taken with iphone x with 2x optical zoom seattle clouds skyline cold gray apple iphoneography west seattle instagramcompbqxzsznfzrs utmsourceigtwittershareigshid1rmb4t0f6kws5
no,5d 3d temper glass premium edge to edge for iphone x xr xs xms shopwholesaleproductsprocomapexinnovati vewholesalepricetemperglass5d3d25dprotectioncoverlcdiphone789xxsxrxmscurvefullsamsungdashmemoryfreesaskatoonskcanadaphpxabpzgnhkkutwitter
no,free iphone x get free iphone apple iphone for free giveaway 2018 from amazon youtubecomwatchv3v7ugz bi0n8 pictwittercom6jayafgcyj
no,iphone x software problem phone died two days in a row hope to save my data before i factory reset it
no,three points job done acmilan milan forzamilan weareacmilan milandudelange love instagood tbt photooftheday instamood iphonex tweegram picoftheday igers instagramcompbqxyzgbfrkl utmsourceigtwittershareigshid1ka7ppjcwsc6t
no,selling my white iphone x 64gb 700 obo
no,anyone else with the iphone x having overheating issues
no,theme by tvdmd walls by ar72014 widgets by evynw badges selfx from cydia device iphonex pictwittercom9xxvtamvuk
no,latest from scandy volumetric video on iphone x owlyvmqw50jpiur
no,like a plague fly leaf decay insect macro closeup bugs leaves nature pest shotoniphone iphonex iphonephotography adventure explore backyard cool california flies texture sanmarino littlethings details wildlife perspective ifttt2paswhv pictwittercomtjydifcznr
no,manchester central at night beetham tower hilton in background great northern tower on the right mcrmetrolink tfgm iphonex igersmcr manchester mcr igersuk thisismcr tbt instadaily mcrfollow instagood ilovemcr manchesterevenin ifttt2dscnda pictwittercom9ileknxczy
yes,iphone x s7s6 edge n3000 xs max n3000 you people come and buy phone case dan allah or help me rt someone on your tl night need it pictwittercomh8cpjvjcc3
no,either this is fake or she is using an iphone x pro raw power no one has that much battery late at night s
no,mine too mainly because i bought an iphone x so id have a great camera when i saw bts
no,lord bless the iphone x camera zoom for allowing me to take pictures of the board from the back of the class with clarity
yes,guys why are we desperate oh u wanna buy benz build a huzuse iphone x carry classic bae all in the name of xmass grooving and big boiz stufflets wise up guyz cos this life is instagramcompbqxwukjhvxf utmsourceigtwittershareigshid1v589pctil1nu
no,iphone x
no,iphone x 6s 7 8 plus case nonslip hybrid dual layer silicone shockproof cover roverebaycomrover171153 2001925501ff32toolid10039campid5337649399item292827959044vectorid229466lgeo1
no,im a bad man on that iphone x camera of you know you know
no,iphone x survives boiling water test twittercomtherealylhsta tus1068155074659213312
no,my iphone x is already performing at 99 battery capacity i only got it a month ago
no,apple resumes iphone x production in face of weak xs sales report claims buffly2afj6p4 pictwittercomcupof7xegz
yes,what would you call a guy that uses a girl for ritual without killing hergets 100 million naira and then buys her an iphone x pictwittercoma5s2k7lsed
no,its iphone x that will snap the picture is tecno that will upload it
no,0
no,gostei de um vdeo youtube youtube5qpox0jqboal earn colors kinetic sand rainbow iphone x knife bad kids surprise toys kids for
no,yes
no,not a bad start to the day jimmy eat world announced for slamdunkmusic and my iphone x has finally been delivered
no,is it bad that i got the iphone 8 plus over the x
no,0
no,a lady came into my store today and had the iphone x and was complaining about how a shirt that was 799 was apparently too expensive okay bitch makes total sense lmao
no,0
no,tak pernah aku ada niat mo beli iphone ni
no,0
no,yess akhirnya iphone x 256gb
no,0
no,12 breaking bad chemistry walter cases for iphone x 8 7 6 5 4 phonecovers phonecaseshutcombreakingbadc aseiphonex87654
yes,i dare you to buy the iphone x and though it on the ground like you though laptops on the ground in your bad intro series
no,wow
no,if the table was flipped and the x had the tiny notch and essential had the big one youd still hate iphone
no,finally
no,0
no,come on sony
no,so called the membership team but they were fairly useless theyre blaming the supplier
no,what do you like or hate about iphone x buffly2zjmbbq buffly2zgv1vr business via andreearchbold
no,snapchatsupport why is my front camera quality so bad on iphone x please update
no,1
no,kinda sorta
no,hate the iphone x notch theres an app for that mashablecom20171113iph onexnotchremoverapp
no,iphone x
no,i feel so bad for the people who got their iphone x stolen by the deliverer i would be so tight
no,only becomes a issue if you crop a screenshot with text on it
no,hey johnlegere and tmobile
no,i liked a youtube video youtubeou89oppubya iphone x review the good bad
no,iphone x drop test the most expensive glass ever on a smartphone
no,0
no,hey australia
no,1
no,iphone x battery life report off charger 0630
no,iphone issues
no,0
no,1
no,like
no,0
no,dandasilvaaa i think i should win because you already know why im fckig charisma lmao anyway
no,0
no,i liked a youtube video youtubeou89oppubya iphone x review the good bad
no,in 25 years
no,hte quil achete l iphone x et que je lui rachet le 7 plus
no,this website helps victims report hate crimes buffly2ytqejm digitalmarketing internet onlinemarketing freelance freelancelife smallbiz smallbusiness entrepreneur wantrepreneur iphone iphonex smartphone gadget mobile android mobiledesign pictwittercomycldusda4h
no,ariel ive got gadgets and gizmos aplenty
no,2
no,iphone x shipping estimates improve to 2 to 3 weeks in europe
no,i liked a youtube video youtubeou89oppubya iphone x review the good bad
no,when will you update the omantel application for iphone x
no,i liked a youtube video youtubeou89oppubya iphone x review the good bad
no,in a shocking announcement
no,i liked a youtube video youtubeou89oppubya iphone x review the good bad
no,153
no,learn colors kinetic sand rainbow iphone x knife bad kids surprise toys kids for children youtube myoutubecomwatchv5qpox0 jqbo
no,iphone x review the good bad youtubeou89oppuby pictwittercomoznyobvvsy
no,0
no,7
no,10
no,nestsupport would you be willing to make a deal with those of us with the ismartalarm system they have not updated their app for the iphone x leaving our systems useless a lot of us would love to switch over
no,there is absolutely no reason for a nongame nonmovie app to hide the time and connectivity info on the iphone x and if you design your app to do it youre bad at your job and you should feel bad
no,3
no,me gust un video de youtube youtubefrjpwtqdd2ua iphone x drop test the most expensive glass ever on a smartphone
no,youtubecomwatchv79lg4g y1iz4 lol
no,0
no,0
no,every fing thing in my life is competitive
no,0
no,go out w a free taxi in milwaukee w ur iphone credit lyftryd3 on the lyft app like th promo more than uber x lyftcominvitelyftryd3 pictwittercomoaawmpx0nz
no,in ukraine
yes,if i were going to buy a new iphone with a glass back
no,apple
yes,great nintendo is now trying to get us to buy iphone x
no,its the same issue with the iphone7
yes,apple you have a fucking scorpion emoji but no fucking kangaroo where is the kangaroo they need love too
yes,my dads girlfriend is mad at him cause he wont buy her an iphone x even though he got her a samsung s8 like 3 months ago
no,2
yes,i didnt buy anything on 11 nov because i already got the one thing i really need
no,2
yes,i wonder will there be any fans that would buy iphone x for their idol hahahahhaa like its not cheap heol heshe pretty sure rich af like can buy for someone else aigooo
yes,your mcm is begging his dad to buy him an iphone x so that he can impress hoes like you
no,2
yes,buy beautiful iphone x and iphone 8 cases hurry limited stock
no,0
yes,buy beautiful iphone x and iphone 8 cases hurry limited stock
no,0
yes,buy beautiful iphone x and iphone 8 cases hurry limited stock
no,0
yes,buy beautiful iphone x and iphone 8 cases hurry limited stock
no,0
yes,buy beautiful iphone x and iphone 8 cases hurry limited stock
no,0
no,1
no,well
no,wtf
no,podoba mi si film the nokia n9 v iphone x nice gesture w youtube youtubenripxgqvaxga
yes,apple is trying to get you to buy the iphone x
yes,presenting one in a million lifestyle at kandivali w book with just 1 and get an iphone x free hurry offer valid till 19th november 2017 show flat ready
no,3
yes,presenting one in a million lifestyle at kandivali w book with just 1 and get an iphone x free hurry offer valid till 19th november 2017 show flat ready
no,10
yes,i just watched it funny to see bts of elders and iphone x ten after i saw og episode always fun to watch this vlogs i only wish i could work with you guys my current job is hard and i need new one greetings from poland x
no,angels christmas list
no,0
no,0
no,0
no,0
yes,heres what youll need to pull off fast charging on the iphone x buy a usbc cable from apple lifehackercomhereswhatyou llneedtopullofffastchargingonthe1820341056 tech savedyouaclick epicfail
yes,playflipflop i would like to purchase failing on iphone x pictwittercom7wyrtad2im
no,mom whats wrong with my phone i cant type the capital i without the a and box popping up
no,0
yes,this how you niggas be when you get an iphone x and you think someone is going to rob you for something worth 999 when they can instead buy endless amounts of cocaine by the kilo pictwittercomynyixxwpu7
yes,to those niggaz that can buy her gal iphone x but cant buy his mum iphone 5 dont really understand what is love they really need senseallaboutmalife
yes,we should start representing health insurance in amount of iphones to get like an international standard so marcoarment can buy 24 iphone xs per year for his premium i can buy 1 iphone x per year in the netherlands what about you imyke
yes,guys my roommate s bf got her an iphone x just for just my life aint shit yall cant even get a nigga to buy me a sweetie
no,well
no,0
no,and dont get me wrong
no,buildsio yo
no,people agree with me
no,genuinely feel like ive got a nokia brick when im w people who have the iphone x lmfao
no,1
no,onlyoneolliestatus928926019393691648
no,iphone how to pair your apple watch with iphone x one of the most important things that i like about apple w owlylda050f6ahc
no,oh man
no,like dude
no,timcook
no,technology tech gadgets smartphone apple iphone iphonex tbudgadgets
yes,still figuring out to buy iphone x guess what
no,dont get me wrong
no,perhaps the new iphone x
yes,wait people buy an iphone x to flame about the notch and then theyre buying a 099 app to make it look like a normal iphone
yes,people are mad at zoella for her 50 calendar but will buy an overpriced iphone x for 1000 when it costs 250 to make
no,oh well
no,to put things into perspective
no,theyre such jerks
yes,apple really thinks were going to be like why does i autocorrect to i the only solution is to buy the iphone x well you know what
no,really ready 2 get home so i can play around w my iphone x
no,dbrand
yes,why does the iphone x have usbc charging probably cuz they need to get rid of all those charger to headphone dongles that they over produced i gotta buy another cable to hook it up to a macbook fixyoself
no,anchoring and framing in action
yes,lol they said buy a iphone x and get back 300 after 24 months pictwittercom7tzbh5hnj4
no,really wish google would update their apps for the iphone x they look like ass currently
yes,new post now you can get rid of that iphone x notch w this 1 app ifttt2ac5dlr via techguysmartbuy
no,timcook hey tim
yes,get out of your comfort zone see the world you dont need the new iphone x or fancy shoes buy a ticket make memories once you do
no,looks like i guessed right
yes,video a review of the iphone x watch it before u buy one you may not like it cnetco2ytvgnp pictwittercomwkh3s1t9bi
yes,apple no news of iphone x in panchkula india should i buy some other phone if its going to be late need urgent update about availability
yes,you should buy this app so that your iphone x looks like a samsung galaxy s8 itunesapplecomappnotchremo verid1277467873
yes,if youre worried about the notch for your 1000 purchase
no,get the best prices for apple iphone x at telemart
no,go out w a free taxi in milwaukee w ur iphone credit 50king on the lyft app like th promo more than uber x lyftcominvite50king pictwittercomzp6ljddbic
yes,how to buy iphone x by fubkyguruz
yes,gotta love all those people who have shelved out a grand to buy the iphone x and now have to use an app to hide the notch and make their screens smaller
no,i mean
yes,looks like ill have to buy an iphone dock for work because iphonex struggles to unlock with phone on the table anyone recommend anything besides the apple lightning dock
no,i miss my iphone 5c i wish apple would come out w an iphone xc yanno exactly like the x but wrapped in colorful plastic only 50
no,do you reckon bella thorne would be able to get into jeffree stars iphone x w face id
no,after intense battle b w my two minds
no,the iphone x issues dont sound like the weather team because when it gets cold we work even harder brieggers w the swipe at the iphone complaints that it stops working in cold temps 7news stormforce
yes,buys an iphone 8plus
yes,my sister bought me the new iphone x cuz there was a buy one get one iphone 8 for free deal
no,if youre paying your phone off in an installment plan
no,i thought the bezels of the pixel 2 would bother me however
no,im eating dinner with my wife and a shes texting on her work iphone x and smiling i wish my coworkers were that nice
yes,if you want or need to buy an iphone x as a christmas present i suggest you do it soon fbme2j2sakmwp
no,wish that wallpaper was dynamic and the paint moved around the corners like in the iphone x ad
yes,mas mayaman ka kasi ikaw nabilan agad eh ako ilang beses pa ko nag isip kung di lang bumibigay yung5s ko di ako bibili actually free nga kasi sya buy one get one free don sa iphone x ni kyah na dedeliver sa dec
yes,mfs hatin be like nah i dont want the iphone x it break easy than tmobile hit em w yo its 10 a month mf go buy 2 and call u broke
no,apple
no,go to circle
no,also had the apple store in bluewater not been closed for renovation
no,dear santa
no,iphone x get
no,wow
no,had it on android with dropbox
no,theres no software update to fix it we just have to live with it now
no,when you downgrade so bad you go from iphone x to iphone 3
no,i hate that brittyb1414 got the iphone x because i have already received so many animojis
no,i dont dislike apple products in fact
no,learn colors kinetic sand rainbow iphone x knife bad kids surprise toyuhlqkakkikkkmkkla youtubecomwatchv5qpox0 jqbofeatureshare
no,ive broken every phone ive ever had which is five and im getting the iphone x i hate myself lol
no,most expensive iphone most expensive repairs the iphone x is covered in beautiful glass that could cost you a few hundred dollars to repair be careful nbcnewscomtechtechnews dontdropitshockingrepairpricesiphonexn821071 via nbcnews
no,what is the best holiday gift for your wife an iphone x a kindle too expensive why not gift a qualitymade aocome chef knife lightning deal only 1299 now
no,okay so can we talk about the aspect ratio of his vid on the iphone x
no,when you want an iphone x so bad but cant spend the money for it twittercomunboxtherapys tatus930829593933524992
yes,got a job today and the iphone x buy for some reason my depression still wants to tell me i t was a bad day
no,i hate this
no,check out new in box apple iphone x 256gb space grey sprint bad financed esn apple ebaycomitm12281121 5429rokencugaynsoutknxy3lrw via ebay
no,the more i look at it
no,yesterday i traded my iphone x for macbook now i just traded my macbook for this bad baby pictwittercompp5ldywzbq
no,applesupport teamyoutube i watch a lot of videos
no,thought id hate this notch on the iphone x but honesty
no,sorry this is boring but is iphone x worth getting
no,battery life on my iphone x today was solid going to bed now with 40 battery not bad
no,why i hate iphone x rant youtubefqopifuxeaa via youtube
no,iphone x does deserve the best network sorry your coverage sucks si bad it wont be yours
no,dans lemondefr il est possible de choisir la fin du papier sur l iphone x hte de voir arriver cette innovation dans les pages politique pictwittercomfvr4oncnzg
no,is it that bad trying to decide between the iphone x and the iphone 8 plus
no,hey sydney super phones are getting more expensive so we are requiring a down payment for the iphone x
no,my cell phone just fell out of my hoodie pocket right on to my toes it hurt so bad i can only imagine the pain an iphone x would cause
no,la nica gente que escucho diciendo que el iphone x no sirven son lo que no los tiene dont hate si no te gusta no lo compre
no,so im excited today
no,iphone x is just apples attempt to distract us of how bad the ios updates are
no,basically
no,spotted my first iphone x in the wild this morning and
no,people who like android will criticize iphone
no,im sorry chris
no,apple is really advertising the hell out the iphone x but i can tell you now
no,hi guys
no,why not talk about the business model the entire industry depends upon planned obsolescence in three years apple could care less about the iphone x their financial projections are based on the fact that you will hate your sputtering x
no,good news is my iphone x is in
no,man i sure hope tweetbot ships a darker night mode because the current one looks very bad on iphone x
no,i hate how the city of columbus tries to reach out to me via radio its like
no,i looked at a bunch of phones today the iphone 8 is very nice but it is also glass on the back
no,first thing i hate
no,how to fix samsung s fast charge so it works on your new iphone x 88
no,just got the iphone x an hour ago i cant even front im already used to the notch its not that bad
no,i got my iphone x too bad i work all night and cant get to att until tomorrow
no,automating the boring search for an iphone x hezus19b4d7
no,apple why doesnt the super expensive iphone x come with airpods
no,who has the new iphone x love it or hate it
yes,dji launches an appleexclusive mavic pro buy a drone as expensive as your iphone x
no,yes
no,everyone keeps asking me about the notch on the iphone x for me
no,i just hate that for web developers to have a nice looking site in iphone x landscape
no,attcares been waiting over 2 hours in a dm for your rep to respond on delivery for my iphone x bad service much
no,gamoid took this gorgeous photo on the iphone x granted
yes,dont buy folio for your iphone x its bad for your speakers
no,apple fucking up
no,it was just a bad week for me rt mstharrington how are in my dms one week asking me to contribute to your gofundme for your impounded car and today youre snapchatting your new iphone x
no,iphone x shipping estimates improve to 2 to 3 weeks in united states and canada i hate everything
no,since my iphone 6s plus is dying
no,uni life is so expensive im broke that student
no,abeg brother my phone done dey misbehave iphone x no go bad
no,les ventes d iphone x vontelles rsister aux bad buzz en srie latribunefrtechnosmedias lesventesdiphonexvontellesresisterauxbadbuzzenserie757752html via latribune
no,impressions
no,i think these things are hilarious
no,iphone battery icon turned yellow its not a warning that your battery is bad heres the scoop askdavetaylorcomfixiphonesye llowbatteryicon iphonex
yes,belkin debuts 36w usbc car charger that offers fast charging for iphone x
no,waze looking a little broken on iphone x in a few places hasnt been bad though overall pictwittercomf3vtvxhell
yes,unexpected consequence of buying iphone x this device is breaking my bad habit of looking at my phone in the morning when i first wake up cuz face id wont recognize my face while i am squinting and look morning puffy iphonex faceid
no,iphone x roast touch screen unresponsive
no,soon as i put in my order for the iphone x i start hearing about all the bad shit thats going on with everybody elses lol
no,i hate iphone but at the same time
no,been using android google pixel xl for the past 3 months not a bad experience but im glad im back with ios iphone x
no,done wanna win so bad
no,why not just tweet how about a fucken thank you
no,lmmfao how bad you want that iphone x instagramcompbbhuwzkhbe
no,pythonhub automating the boring search for an iphone x redditcomrpythoncomme nts7d4b91automatingtheboringsearchforaniphonex
no,automating the boring search for an iphone x redditcomrpythoncomme nts7d4b91automatingtheboringsearchforaniphonex
no,it funny when apple thought that the iphone x will entice people convert to their brand as a matter of fact
no,i feel bad for people that got the iphone x because theres 3 new iphones coming out next year
no,iphone x is expensive to repair were here to help youtubekko4vpabj0a via youtube
no,but if you like android then fair play
no,ever since the iphone x came out my phone been fucking up so bad closing apps out of nowhere
no,i fucking hate my iphone x right now
no,iphone x has been out for a little bit now and i still havent seen a single person with one availability that bad huh
no,the iphone x has more expensive parts than any other iphone readbi2aluxfa pictwittercomxd5qls0d5q
no,give it a try
no,ifttt2apejie automating the boring search for an iphone x xpost from r iphone
no,automating the boring search for an iphone x xpost from r iphone redditcomrprogramming comments7d4dofautomatingtheboringsearchforaniphonex programming submitted by uwtfoxlink
no,orang vietnam sukses retas face id iphone x pakai topeng kumparancommuhammadfikri eorangvietnamsuksesretasfaceidiphonexpakaitopengutmsourcedesktoputmmediumtwitterutmcampaignshare this is bad i guess apple
no,automating the boring search for an iphone x redditcomrpythoncomme nts7d4b91automatingtheboringsearchforaniphonex python submitted by uwtfoxlink comments
no,applesupport what is the official recommendation for leaving an iphone x on a wireless charging pad like in a desk set up for extended periods of time is it bad for the battery to be constantly topped off
no,iphone x shipped
no,bad expensive
no,i hate toread negativity towards such a kind and caring young lady to have to sit and explain herself should even have to happen are people slagging off the makers of the the iphone x 1000 for a phone nope its like anything
no,wouldnt trust tim cooks demand is off the charts comment fact is global smartphone market is saturated
no,snapchat is such a bad experience on the iphone x constant freezes
no,hate the iphone x notch theres an app for that mashable ifttt2zg6i1y
no,got my iphone x not bad keep fighting
no,heres why some apps will look bad on the iphone x hubslyh099vmg0 by mashable
no,automating the boring search for an iphone x
no,read online
no,listen hate the iphone x notch theres an app for that mashable spokeneditioncommashabletech utmsourcedlvrutmcampaignautotweetutmmediumfacebook pictwittercomqxmjdi0tk5
no,some more boring iphone x figuresinfo pictwittercomegjc8nuaos
no,tap bars look really bad on iphone x
no,trying to make a list of things i hate and love about the iphone x
no,the new iphone data speeds are actually slower then its andriod counterparts i feel bad for iphone x 8 users this is a rip off from apple
no,news things i do not like iphone x the lack of battery percentage to view jmp2ijc2gp
no,do you have iphone x in stock verizon apparently doesnt like my business account or 15 years with them and is very rude in customer service do you operate the same way
no,they didnt get your iphone x right but they got the other 3
no,workingcopyapp dark mode has some quirks in the settings and app wont change icon like set in the app on iphone x known working copy enterprise
no,so
no,love my iphone x
no,sprint says thank you
yes,samsclub do you guarantee that every club will get at least some iphone x s in stock since it is inclub offer only and the ad clearly pictures an iphone x i just need to know if i need to camp out overnight or not bother
no,so held an iphone x at the apple store yesterday i know its not
no,get ibbleobble magnets for imessage on your new iphone iphonex iphone8 stickers getstuckin
no,ea i payed like 3 dollars for this game and it doesnt work on ny iphone x fix it pictwittercomwv6fjkjkuo
yes,niggas need an iphone x so they can make cartoon animals
no,what popular apps look like on the iphone x s new screen shape businessinsidercomhowyourapps willchangeontheiphonex201711 pictwittercom1k6nwb57af
yes,if you need the new iphone x soace grey in queensland
no,i like that how the iphone x silences the call when i look at it
no,if you own an iphone x
no,i just want the iphone x type of quality in my life
no,get me a iphone x and ill give you a empty crisp packet
no,i like the iphone x but i miss my home button im here tapping the bottom of the screen like an idiot
no,with all the iphone x hype
no,clips 20 arrives with selfie scenes for iphone x
yes,lady claims shes the first person to buy the iphone x in nigeria
no,went to apple to get shanerzz iphone x lady said my id wasnt valid and couldnt pick up the phone my immediate reaction pictwittercompiuf89yvah
no,thursdaythoughts iphonex iphone iphone8plus iphonexlaunch filmmaking photograghy film iphonexcamera youtube0q8dabsa7ds check out this cinematic short film shot on an iphone 7 youtube0q8dabsa7ds rt if you like it thx pictwittercombn1zfue7ip
no,thursdaythoughts iphonex iphone iphone8plus iphonexlaunch filmmaking photograghy film iphonexcamera youtube0q8dabsa7ds check out this cinematic short film shot on an iphone 7 youtube0q8dabsa7ds rt if you like it thx pictwittercompsebf4fjvo
no,bitch
no,okay this is a testi i i i i i did apple update fix the i problem i hope so cause it really made me want to throw my new iphone x why in the world did the capital i turn into an a mark testing hopeitworks
no,is it just me or is the performance of ios actually pretty damn bad on iphone x
no,so im confused yall
no,iphone x diary one week in
no,that is a great question you can definitely activate your iphone x with any carrier can you please tell me more about your iphone x do you have an active account with us please follow dm we want to help efr twittercommessagescompo serecipientid62601419
no,lmao ima be like quiero el iphone x padrastro favorito
no,definitely wont lie
no,bms2291status928725598134038529
no,i would love this
yes,this new is treending like fire lady claims shes the first person to buy the iphone x in nigeria
yes,twit trends lady claims shes the first person to buy the iphone x in nigeria
yes,shoutout to att for the buy an iphone x get an iphone 8 for free
yes,need one for an iphone x
no,puffpiece applepropoganda iphone x diary one week in
no,hte davoir l iphone x
no,i feel like everyone got an iphone x cause all i see is random s and s when they post nonsense
no,huh you can tell this person has an iphone x cause the box came up nice meme
no,theyll milk the x design like they did with the iphone 6 body but the price will continue to evolve higher
no,get back your iphone x home button with this hack googlgn2cwu via donnachaffins
no,does the iphone x s battery life actually suck on ios 111 yes on ios 112 no
no,want to win an iphone x
no,the more i look at iphone x reviews
no,iphone x front cam got me lookin like this pictwittercom3hpyv2xi3d
no,guess what weve got the winner of the iphone x challenge
no,we want you to enjoy your new iphone x that adapter should be in the box dm if youre unable to find it after unpacking all the layers twittercommessagescompo serecipientid3309375033
no,kind of feel bad for iphone x owners at this point pictwittercom0xiiqzpjki
no,find someone who looks at you like an iphone x user trying to unlock it
yes,every other ad i see is buy an iphone x but i bought mine 2 weeks ago and its backordered 6 weeks
no,i have 4 iphone x 64gb spacce grey in stock come get em
no,priority alerts are only for the instant text messages unlimited number of alerts
no,actual convo i had with my mom 30 mins ago
yes,so my iphone x is basically app empty so i need some recommendations what are some apps that yall live by ie scheduling
yes,can anyone confirm is you can purchase the iphone x right now and pick it up same day or is it still on back order
no,been thinking about getting the 8 plus or x sad part is that the animal emoji seems like iphone x s major selling point lol
no,looking at my coworker selling iphone x s for 2300 on ebay like
no,promo1111 who wants to get free iphone x type info
no,i cant get passed that screen
no,living on social security it is hard to get a new iphone x im still using my faithful 6s i appreciate the opportunity sir
no,if only they were actually taken by iphone x love the thought though bet your shares will go right up in the stockmarket
no,should i get the iphone 8 plus or the x
no,lemme get a haircut and really put in some work on this iphone x camera
no,100 looking forward to the hd selfies and pictures of dan when he is able to get the iphone x ahxhsn
no,what kind of surprises do you like suddenly get a car
yes,dude my iphone 7 has completely stopped working normally so i thought it was a sign from apple to buy an iphone x theyre sold out everywhere though
no,oohhh spark in on this too
no,i wish i knew someone who had an iphone x so i could play with animojis
no,maybe iphone x is like a pokmon
no,i dont regret it at all just wish i had waited for pixel 2
no,rotflmao rt selfcritics people why did you get the new iphone x
no,dear chipotletweets your new app requires me to swipe up to place my order swiping up on the iphone x is like clicking the home button
no,you wont give me your dog
no,how yall like yall iphone x
no,when you get the iphone x
no,see now im sitting here like
no,we want some stacks like this one for iphone x pictwittercomvsvsxfvy3r
no,yall at apple
no,should i get the iphone x
no,damn
no,every time i get a new iphone im always excited then disappointied because it takes so long to backup and restore iphonex pictwittercomxncuifpfxh
yes,but how does the home indicator work for iphone x you need to swipe all the way up to go home how about ipads and how do u enter app switch
no,applesupport my iphone x was lost by ups why did i get put to the back of the line for a replacement shouldnt i get a replacement sooner than later eta is 4 weeks out
no,why iphone x will get mr at wwdc
no,so my friend has the iphone x right and i went to the camera and that shit looks better than my vision alone like i feel like an android
no,tried to go get the iphone x apparently in springfield and surrounding areas there were only 3 total available what sense does that make
no,who told my mom to get this iphone x she has a million and one questions
no,want a cool wallpaper for your iphone x check out this seethrough wallpaper joltjournalcom20171109wan tacoolwallpaperforyouriphonexcheckoutthisseethroughwallpaper pictwittercomrbcqu39ul2
no,goodbye verizon and your expensive ass payments for 5 minutes of data hello tmobile
yes,so you like most of us have opted to take the update which destroys your battery time and acts live a virus with unpredictable outcome from simple operations like texting the solution is to spend 1000 and buy an iphone x or dont
no,andywaysworld s iphone x makes my 7 plus look like a dinosaur its only been an hour
no,the first iphone came out 10 years ago 10 years from now
no,5 tips to help you get the most out of apples iphone x fbme8bemdk5zl
no,iphone x diary one week in
yes,i have to ship my old iphone back since i bought the iphone x does anyone have experience with this what do i need to do thanks
no,if you have a brother
no,because many things on iphone x depends on software and the use of general purpose sensors ios 12 could include new ways of biometric like voiceprint recognition with mouthmovement detection in the same hardware
yes,u couldnt buy the iphone x cause u gotta unlock it with ur face you have two
no,which model are you interested in right now
yes,nigga ur rich as f hit up best buy bout i cracked my iphone x
no,supersaf hi
no,new renders from martin hajek visualize what an iphone x plus would look like with a huge 67inch display it is rumored that apple is working on a plus sized iphone x for next year with a 64inch oled display
no,yo google
no,fatnick if you send me a song from youre album ill hook you up on a deal for the iphone x
no,renderings imagine what an iphone x plus might look like googlx3hulv druvaan
no,ill give you ten whole english pounds for that iphone x if you dont want it omgitsalia
yes,when is kevin going to consider me his daughter and buy my iphone x
no,here how to get iphone x s new ringtone on other iphones bitly2axbe1k
no,why is the iphone x so small tho im used to my 7 i dont like it hope they come out with the
no,most of you should have passports anyway the amount that most of spend yearly on cigs
no,who got an iphone x i want to send animojis
no,end of this month im upgrading but i dont know if i want the iphone x cause its small and im use to my plus size or if i should get the iphone 8 plus decisions
no,2018 apple ipad pro 105 to get features from iphone x two reports on the 2018 ipads came out this week
no,should i get the iphone 8 or is the x really worth the hype
yes,she need some badman fuck let her focus like a iphone x camera
no,i hate that this fool noah of all of us
no,starting today iphone x launch special 15 off in all iphone cases only for 10 days
no,should i get the iphone x as a christmas gift for myself
no,so this is my first iphone has iphone always done this weird thing where it categorizes who it thinks is calling you like first time my phone rang it said likely scam and now it says nuisance likelylol iphonex
no,not sure why jony ive saying the iphone x is going to evolve in a year because of software is news like it wont run ios 12
no,sooooooo all the iphone x got is the animated emoji wooooow
no,this is the only reason i want the iphone x this dude is a genius instagramcompbbsr5hdsoj
no,let me show how its done follow and retweet to win an iphone x follow retweet like twittercomrealmonstrata status928749437530267649 by gangsta80sbill
no,hope i win the iphone x gonna go like some of your instagram posts
no,iphone x diary one week in
no,itd be nice if more than 5 of my 171 apps updated for iphone x earlyadopterproblems
no,heyyyy yaaaa god damn these videos are awesome
no,i wish i had a twin so i can test the face id on the iphone x
no,dont drop that iphonex
no,applesupport applemusic apple could i barrow a iphone 8plus or x to shoot a music video on i have no budget but want to share my vision
no,should i get the iphone x
no,i probably wont get a new phone any time soon but if i do i want the iphone x just for the sheer enjoyment of animojis
no,i do love me a jony megafeature
no,bihhhhhhh imma get that iphone x just so i can do shit like this instagramcompbbsrsfbjjsn
no,2018 apple ipad pro 105 to get features from iphone x googlfbudvuew
no,get the allnew iphone x on a gamechanging network with
no,threecare hi
no,masspirates rt repaircoalition the iphone x s back glass is fragile and an expensive nightmare to repair motherboardvicecomenusarticle xwa5nqiphonexbackglassrepairutmcampaignsharebutton via mot
no,how to get the iphone x s exclusive new ringtone on your older iphone tipsapplenwscomhowtogetthe iphonexsexclusivenewringtoneonyourolderiphone2017iphoneutmsourcereviveoldpostutmmediumsocialutmcampaignreviveoldpost appletips
yes,apple iphone x giveaway purchase the vet debut sunstream pro combo kit on amazon now for a chance to win a brand new iphone vetdebutlive pictwittercomlrz2np0nke
no,me when i get the iphone x videoatl31xxfbcdnnetvt42179022 3451954150234678925328493713800709537792nmp4efgeyj2zw5jb2rlx3rhzyi6inn2zv9zzcj9oh92e721a071273b52a51181b92ed582b3oe5a051435
no,the only reason why i want the iphone x is so i can do this twittercomvrnastystatu s928516416126496768
no,iphone 8 x and samsung s8 giveaway get it international read description latestappleiphonecomiphone8xand samsungs8giveawaygetitinternationalreaddescription pictwittercomuxor7dankn
no,how to get the iphone x s exclusive new ringtone on your older iphone tipsapplenwscomhowtogetthe iphonexsexclusivenewringtoneonyourolderiphone2017iphoneutmsourcereviveoldpostutmmediumsocialutmcampaignreviveoldpost appletips
no,how to get the iphone x s exclusive new ringtone on your older iphone tipsapplenwscomhowtogetthe iphonexsexclusivenewringtoneonyourolderiphone2017iphoneutmsourcereviveoldpostutmmediumsocialutmcampaignreviveoldpost appletips
no,we gotta watch this damn dog
no,iphone 7 in jet black
no,lmaoooo this is awesome 052
no,let me show how its done follow and retweet to win an iphone x follow retweet like win giveaway egirl twitch supreme rt follow4follow twittercomrealmonstrata status928749437530267649
no,the iphone x s back glass is fragile and an expensive nightmare to repair motherboardvicecomenusarticle xwa5nqiphonexbackglassrepairutmcampaignsharebutton via motherboard
no,should i get the iphone x or stay with my iphone 7
yes,forget the iphone 8 and iphone x here are 7 reasons you should buy the iphone 7 instead googl5h4z65 druvaan
yes,why did my phone decide to start having a million problems right after i decided to not buy the iphone x
no,want to set up your iphone x as a new phone but keep your health data heres how iphonex googlfbw8z83t
yes,setting up my iphone x and new ipad is taking so much time right nowi really need to keep track of my passwords i just reset like all of them stillteamapple
yes,i need all my apps to optimize to the iphone x screen
no,to get the iphone x or the iphone 8
yes,11 things you need to know about the iphone x dorostudylawinfo2017091611 thingsyouneedtoknowabouttheiphonex pictwittercomwkvakl985t
yes,haha i cant even buy a new ipod touch it will probably be two years from never before i can afford an iphone x it seems so fun though
no,haha kalkulator aja erorr
no,i feel like the iphone x gonna make me self conscience with that damn camera
yes,the first nigerian to buy new iphone x check her out mynaijainfocom201711first nigerianbuynewiphonexcheck pictwittercomapqaxjjhsp
no,amazon deal of the day 2pack iphone x glass screen protectors for 555 dlvritq07xlr
no,can we get an iphone x update feels like im looking at the 4 screen
no,i love the new animojis with the iphone x oc via rfunny ifttt2hnqh9i
yes,needa get me the iphone x asap
no,im be mad if cannoli get the iphone x before me
no,iphone x more like iphone sex pictwittercominro2tfwop
no,iphone x didnt move me like i thought it would when i held it in my hands like simba in lion king
no,doubt it
yes,if anyone needs an new iphonex lmk hubbys got them in stock for att users if you switch or add a new line you can also get a free iphone8plus iphone
yes,you wont be finding any discounts on the iphonex anytime soon
no,giving away 3 iphone x s retweet and make sure you smash that like button for a chance to win giveaways pictwittercomods6cp8sle
yes,i submitted the iphone x update for newsblur a few days ago but apple keeps rejecting it because they decided i need inapp purchases
no,the iphone x was finally made available to the public just last week but it looks like things could get even fbme5fzkpq7ri
yes,i love that on the iphone x y just need to look at my phone to silence an incoming call
no,ive been thinking should i order an iphone x plan tomorrow with verizon its like 40 a month for 30 months and also the 40 phone plan so about 90 a month for 30 months
no,thats partly role of the siri app suggestions in the spotlight view some of my home screen apps arent used v often
no,interesting article by trentlapinski regarding how face id on the iphone x is flawed and his brother can get into his phone doesnt provide any evidence except take my word for it
no,iphone x diary one week in
no,how to get notified about iphone x availability at apple stores in australia
no,get the iphone x
no,ive had the iphone x for like 3 hours and im already over it
no,babe just get the iphone x honestly is just seems way better lol
no,box lookin like it was in the adidas line at complexcon box lookin like it was with noah during the flood box lookin like it was a pillow during the iphone x camp out lookin like nigel sylvester did a tail flip on it sheesh 240characters
yes,here is how you can get a free iphone 8 64gb when you buy an iphone x at att
no,xiaomi mi mix 2s is another bezelless phone that might get inspired from apples iphone x display approach dlvritq07r50 pictwittercomwufokg2apn
no,this makes me want to vomit as a person whose iphone x was stolen had to replace it with an 8 because everyone is sold out
no,get the iphone x thenjk
no,we concur iphone x diary one week in
no,i want the iphone x but then i dontt
no,doubt it
yes,if anyone needs an new iphonex lmk hubbys got them in stock for att users if you switch or add a new line you can also get a free iphone8plus iphone
yes,you wont be finding any discounts on the iphonex anytime soon
no,giving away 3 iphone x s retweet and make sure you smash that like button for a chance to win giveaways pictwittercomods6cp8sle
yes,i submitted the iphone x update for newsblur a few days ago but apple keeps rejecting it because they decided i need inapp purchases
no,the iphone x was finally made available to the public just last week but it looks like things could get even fbme5fzkpq7ri
no,iphone x photography portrait mode in the macstadium data center ops just loves it when i come get in their way for art pictwittercoml5enx6gjj9
yes,i love that on the iphone x y just need to look at my phone to silence an incoming call
no,thats partly role of the siri app suggestions in the spotlight view some of my home screen apps arent used v often
no,interesting article by trentlapinski regarding how face id on the iphone x is flawed and his brother can get into his phone doesnt provide any evidence except take my word for it
no,the iphone x look like an android now
no,iphone x diary one week in
no,box lookin like it was in the adidas line at complexcon box lookin like it was with noah during the flood box lookin like it was a pillow during the iphone x camp out lookin like nigel sylvester did a tail flip on it sheesh 240characters
yes,here is how you can get a free iphone 8 64gb when you buy an iphone x at att
no,xiaomi mi mix 2s is another bezelless phone that might get inspired from apples iphone x display approach dlvritq07r50 pictwittercomwufokg2apn
no,this makes me want to vomit as a person whose iphone x was stolen had to replace it with an 8 because everyone is sold out
no,we concur iphone x diary one week in
no,iphone x diary one week in
no,in a shocking announcement
no,this stupid app has been update mode times than any other app on my phone but outlook and spotify still dont support the iphone x like wtaf pictwittercomcempxpqw9m
no,when you get that apple care on your iphone x pictwittercombkuo4qinzw
no,uravgconsumer your videos are awesome would love your opinion got an iphone x yesterday and getting applecare any use for a screen protector since you can replace your screen for 29 thanks and please i havent had any responses from a
no,i love everything about it no home button
no,ayooo instagram your shit not working on the iphone x like its supposed to tighten up bro
yes,my apps that need to get their apps updated for iphone x
no,well after rockin the iphone 6plus for three years
yes,buy a new iphone x at
no,team iphone x come november 20th thats a bad motherfucker too
no,lol what do screenshots on the iphone x look like
no,we get it you have an iphone x twittercomobscureestat us926563863604154368
no,so i got the iphone x but idk if i like it lmao
yes,did you seriously buy the iphone x
no,i want to give a shout out to ipulsecases for my two outstanding cases for my iphone x love the size and functionality cant beat the price either
no,want to win an iphone x goincase is doing a giveaway click this link enter good luck everyone wooboxcomywddpwjm3nw1 enter to win an iphone x
no,want to set up your iphone x as a new phone but keep your health data heres how iphonex macobservercomtipshowtomo vejusthealthdatanewiphone pictwittercomjyaljvaevs
no,which phone takes the best portrait photos iphone x
no,want to set up your iphone x as a new phone but keep your health data heres how iphonex macobservercomtipshowtomo vejusthealthdatanewiphone pictwittercomrvuw95fgh6
no,people are always complaining about not having money yet someone will drop 1
yes,lady claims shes the first person to buy the iphone x in nigeria
no,fuuuuuck ive tried to get two iphone x cases on amazon one never arrived the other i cancelled i want sleek
no,i switched from a galaxy s6 to an iphone 7 plus when it came out
yes,here is how you can get a free iphone 8 64gb when you buy an iphone x at att dlvritq07gnp slideme pictwittercomxey2xpxfh4
yes,here is how you can get a free iphone 8 64gb when you buy an iphone x at att dlvritq07gnv slideme pictwittercombhtigtn5qd
yes,here is how you can get a free iphone 8 64gb when you buy an iphone x at att dlvritq07gmt slideme pictwittercomh8nj9rsdao
no,applesupport i am collecting my iphone upgrade scheme iphone x tomorrow instore do i just bring my phone to hand in
no,and its xpensive just like the iphone x
no,clips 20 arrives with selfie scenes for iphone x
no,how the iphone x would have looked like without the notch
yes,i liked a youtube video youtubexq4ugfpkkoa 25 tips tricks for the iphone x that you need to know
no,i liked a youtube video youtubeddzbcrqm820a exposing the apple iphone x face id get a free iphone x
yes,11 things you need to know about the iphone x dorostudylawinfo2017091611 thingsyouneedtoknowabouttheiphonex pictwittercomfb2aztvyeq
yes,here is how you can get a free iphone 8 64gb when you buy an iphone x at att ifttt2axes0l
no,first tweet from the iphonex
no,did you order a new iphone x get that all glass thing protected in style
no,downcastapp is there any way for you to get the line at the bottom of the iphone x to fade out when watching videos instead of staying on all the time pictwittercomnois573fp8
yes,anyone want to buy me an iphone x
no,my iphone all types of fucked i take pics or videos through the camera app and that shit shaking like a stripper
no,i feel ios 11 wasnt tested thoroughly in beta friend bought new iphone x
no,i still have the iphone 6 plus lol thats probably the main reason
no,like ive said
no,like hes got an iphone 8 and an iphone x
yes,here is how you can get a free iphone 8 64gb when you buy an iphone x at att phonearenacomnewshereish owyoucangetafreeiphone864gbwhenyoubuyaniphonexatattid99708 pictwittercomizv4x0e7vv
no,lol so much hate
no,i would love to see a wifi performance analysis between iphone x
no,you get for real the iphone x how is it jakemiller
no,see like
no,niggas who on the run from 12 gone scan they face in that new iphone x and get pushed up on
yes,11 things you need to know about the iphone x dorostudylawinfo2017091611 thingsyouneedtoknowabouttheiphonex pictwittercomb3zp8dupk3
no,so ready to get off work yall stressing me out over these iphone x
no,samsclub apple just confirmed at local club they had a conference call today and no clubs will be getting the iphonex for the onedayevent i cant even get the 300 gift card in the updated catalog that shows the iphone x samsclubcomsamshtmlecat alogonedaymobilehtml pictwittercom0ufxsel4uv
no,iphone x portrait mode be like beam me up
no,my iphone x is here i cant wait to get home
no,like 7 owners i googled iphone x freezing and literally nothing came up all that came up was literal freezing in ice tests where are you seeing these freezing reports ive looked at the iphone x tag here on twitter and havent spotted any either please inform me
no,i wish i can take cool pictures like everyone else on social media i just took this photo from my iphone x yesterday and its not as good as them dslrmirrorless users imatryhard but i love taking photos
no,cuando las youtubers se compran el iphone x y dicen my phone is my job la envidia yo tambin quiero ser youtuber suscrbanse en mi canal y denle like al video sin acento en la porque as lo pronuncian ellos
yes,11 things you need to know about the iphone x dorostudylawinfo2017091611 thingsyouneedtoknowabouttheiphonex pictwittercomyshx0nrr2t
no,applesupport my iphone x is in english
no,clips 20 arrives with selfie scenes for iphone x
no,gravity x dont risk getting a ticket or worse
no,hate the iphone x s notch you can hide it with a custom wallpaper that adds a virtual black bezel to each side simple
no,full review on iphone x dont forget to share
no,she said she wishes she didnt get the iphone x it was tough jamming it into her sloppy snizz to get it into jail to tweet this ps send coloring books and more diapers
no,thoughts on the iphone x anxiousrobotnetthoughtsonth eiphonexac6951b45670
no,iphone x life feels like the first time i saw the original pictwittercomevliei7ucc
no,sim iphone 7 x iphone 7 3get
no,if not that i am allergic to apple
yes,he was agreeing with me that the 4 year old hardware design of the iphone 8 is not the phone to get when a new design x is available for purchase and i have no idea what galaxy youre looking at cause the s8 and note 8 have some of the absolute smallest bezels to date
no,so iphone x is like 600
no,bro why the fuck my sister look so good i thought the iphone x camera was supposed to make you look bad pictwittercomsqccljz9nr
no,iphone x diary one week in
no,wow
no,applesupport my iphone x seems to have developed a curious love for the color green any ideas pictwittercomsiqqfxbhkd
no,clips 20 arrives with selfie scenes for iphone x
no,my iphone x is the shit
no,clips 20 arrives with selfie scenes for iphone x
no,amazoncomdpb073819m7r refcmswrtwawdbx1gqzzbdc5k1h2 sale blackfriday thursdaythoughts thursday love life iphone iphonex iphone8
no,xiaomi mi mix 2s leaked pictures reveal top bezel cutout like iphone x rayarenacomxiaomimimix 2sleakedpicturesrevealtopbezelcutoutlikeiphonexhtml pictwittercomvep1jiwtr0
no,suspect like the essential
no,you dont have sprint you want the iphone x dm right now
no,come in and see me to get your iphone x iphonex sale getithere walmart myrtle beach instagramcompbbsggyqdvw5
no,if plus is too big for you
no,new portrait feature on the iphone x i like it pictwittercom76azfazczd
no,iphone x
no,iphone x diary one week in
no,oh and btw
yes,want to buy the hot new iphone x here are 3 product messaging lessons youve probably already absorbed bitly2lywkme
no,how to get notified about iphone x availability at apple stores in australia
no,imageform any change of you guys updating steam world heist so i can enjoy it full screen on my new awesome iphone x
yes,makemeangryin5words miss i need a pen yeah
no,tweetbot will there be a true black nightmode for the iphone x apps like apolloreddit and reederapp like insanely good on the oled display
no,i would like that apple installs also the notch at the top of the 2018 ipad pro
no,taxcut republicans are saying middle income people will get 1
no,using kryptco on an iphone x for my github ssh key makes me feel like im hacking into the datacenter with my face
no,an apple employee just said iphone x instead if iphone x so he should probably get fired
no,article iphone x review the good
no,using kryptco on an iphone x for my github ssh key makes me feel like im hacking into the datacenter with my face
yes,i liked a youtube video youtubedjeyzgq8anaa should you buy iphone x or iphone 8 plus
no,ordered my stepsons iphone x now i gotta find a way to get his father to reimburse me
no,will future apple products all have the x after the name
no,i dug out my old moto x i really dont know why i bought it its ugly and clunky just like all android phones until recently
no,apple clips is the next best thing to animojis for iphonex cnetco2ymch9e via cnet awesome update
no,my iphone 7 hasnt been the same with updates
no,att says i should get my iphone x by monday finally
yes,argentinas outrageous protectionism makes it cheaper to fly to miami to buy an iphone x bitly2zurqhn pictwittercomky5i3obp3n
yes,i need someone with an iphone x to come for my grad party i dun hav photodriver
no,they are useless and clearly dont care about loyal customers just checked a deal out with sky
no,when everybody gets the iphone x and above we will all be communicating strictly through emojis
no,hey spotify spotifycares are you planing to add support for iphone x the experience at the moment is fairly terrible
no,im stealing your iphone x when you get locked up boonkgang
no,plutt cool a d bon actuellement
no,he tryna get you that iphone x twittercomdklynnstatus 928714630251368454
yes,chanteljeffries i need you to buy iphone x so i can see your face in hq
no,i thought iphone x was limited edish or something but now i see tons of stores selling it im dubai mall like how is that limited edish
no,get the allnew iphone x on a gamechanging network with unlimited worksforme bitly2amk3es
yes,sprint thanks for not making me pay a down payment for the iphone x and buying me out from att much love
no,mediadevil looks like iphone x artisan pouch is in stock on amazon but preorder only on your website shame as i like the colour on your website better
no,i look like a mess in every way but iphone x camera is nutty pictwittercomt57mr37z0w
yes,did you buy an iphone x if so youll want to read this article fbmehjzkzuym
no,if apple got the iphone x and xbox got the xbox one x playstation when we gonna get the psv
no,optus support sucks told me ill get my iphone x
yes,iphone x is a whole lot cheaper to make than it is to buy cultofmaccom513085iphone xcostsihsmarket
no,who want the iphone x
no,check out this awesome new article clips 20 arrives with selfie scenes for iphone x
no,lets not be silly jules
no,yetpeople still stand in line and get in arguments to be one of the first to get one
no,cant lie
yes,except it doesnt cost 199 to start a business and it doesnt cost 1000 to buy a iphone x
no,the network activity icon is not available in the iphone x if you would like to submit feedbacksuggestions about this
no,inshaallah
no,niggas get an iphone x and dont know how to act twittercompwimouokhomes tatus928483754418589696
no,im sorry you feel this way
no,did you not just get the iphone x
no,like to point out that the screen of the apple iphone x is supplied by samsungmobile
no,iphone x is tight but now that im used to not having a home button can we get rid of this annoying black line at the bottom of my screen apple
no,dont get it every one complains about typing i dont have any problem i am happy with my iphone x
no,when you keep forgetting how to switch phones every year so you get this awkward moment where you have no lte with the brand spanking new iphone x
no,want a chance to win an iphone x
yes,black friday 24th nov need atleast boma 50k then i take leave on the day
no,new post on my blog runs girl
no,awesome work you did with the iphone x its in a bootloop since i first started it apple pictwittercomsttpees2at
no,wow
no,looks like a photo on iphone x
no,amazing stream thank you t1vendetta thetiddlywinks and megamagwitch for sharing your friends with me thank you guys for the tweets
yes,and gmail yall need to make your app compatible with the iphone x
yes,you should buy iphone x instead of iphone 8 heres why businessinsidercomwhyyoushould buyiphonexinsteadiphone8201711
no,sam hype as shit get his iphone x that jawn wavy tho twittercomitsygrimessta tus928687352020656129
no,ive had the iphone x for almost a week and i have yet to plug anything into it crazy have charged exclusively wirelessly
no,when you finally get your iphone x but have to spend the first 2 hours on work calls pictwittercomv4dfeh5pvv
no,portrait card games on the iphone x are really awesome
no,hate the iphone x notch theres an app for that itsnicethatcomnewsiphonex notchapp081117utmsourcefacebookutmmediumsocialutmcampaignintsocial
no,moi aussi quand jaurai mon iphone x
no,apple iphone x 64gb smartphone space gray sprint bad esn mqcr2lla asis 49 bids roverebaycomrover171153 2001925501ff34pub5575041009toolid10001campid5337506718customidmpre
no,apple iphone x 64gb smartphone space gray sprint bad esn mqcr2lla asis 49 bids price googlfby7vgr6
yes,damn all my real cancun pics is on my iphone x sprint need to hurry up send that i hate using the 8
no,colibrigames home bar on iphone x bad for tiny bang cant get items underneath it any fixesworkarounds
no,so halos parehas lang ng features ang iphone xs at x
no,eh bentar deh gue kasian sm major scale nim iphone x nya dia ilang dong
no,the new twilight zone is not bad at all
no,wwe please update the ios app to support full screen on iphone x the wwe network app is useless when it only fills 23rd of the screen
no,i dont hate any brand when they launched moto g i ditched my iphone 5s and used the phone as my daily driver also used moto x things got changed when the brand came under lenovo earlier they were very aggressive with pricing and phones were really good
no,oh ya just bc i got my iphone x
no,selain itu
no,yooo i jus remembered i had a dream i crack my iphone x up odee bad
no,i wouldnt trust mailing something as expensive as an iphone x to some random jack in new york
yes,i have an apple watch series 3 i think and an iphone x never felt the need for my watch to have 3g
no,u think iphone makes u sophisticated
yes,the funny things is the iphone x clone what the use of buying clone la aiyoo this kid using people money easily and buy useless thing
no,i just took my own boudoir pictures with my expensive ass iphone x and not to toot my own horn but
no,iphone x for sale 600 obo front screens a little cracked but not bad hmu
no,very disappointed ee i upgraded to iphone x last year my friend got a very good deal from ee i called ee got a very bad deal was told my friend didnt get his super deal from ee which he did by the man from ee i am not happy
no,sorry
no,oh man i feel bad for getting my 1 year old an iphone x now shes got 20gb of data too
no,didnt you also say were the richest country in the history of the world and should therefore pay for single payer how are we the richest in history and the system has also failed sorry i dont feel bad for all your supporters reading your tweets on their iphone x twittercomberniesanders status1113553627589873664
no,its very bad but honestly the things i would do
no,apple motion is about the only reason to use a mac for video after effects is to expensive the best bare minimum is videoleap app
no,bitchessss i got the new iphone x its bad ass
no,it all went bad for all of us cos bro ended up giving his iphone 7 to the girl out of love but she sold it and later told him she dates guys with iphone x and drive a benz so they broke up and bro apologized to me but we and the girl never meet again even though we live in hood
no,i have an iphone x everyone who doesnt have an iphone is boring and lame
no,felt the iphone one omg i hate the x i wish i never got it
no,i hate it when i want to raise or lower my volume but my iphone x is retarded and it screenshots by accident because of the button placement twittercomdemisxxualsta tus1113524653404905472
no,idiot actually it was made by mr iphonius the creator of the iphone get your facts right stupid also mine is made from dried seafoam and a small amount of concrete so it is heavier and more expensive than yours so ha ha i win also the x stands for xtra cool
no,life in kampala isnt bad at all an iphone 7 worth 1k from jumiaug and an iphone x worth 50k from qballauction if youre sharp you can survive comfortably kampalasibizimbe pictwittercomqvrbpya2fl
no,its a really solid device all around the screen is kinda bad but only if you are coming from something like with a decent amoled panel like a samsung or iphone x xs battery life is bonkers my wife abuses the shit out of her phone and has never had to charge it during the day
no,if youre having a bad day remember they let me have an iphone x pictwittercompapuplwf3u
no,la qualit bad mauvaise mais donnez lui un iphone x comment il doit tre beau twittercomabdisznstatus 1112453571415547904
no,must be pretty bad if an iphone x s is actually an improvement the battery life on the x along with flaky faceid drove me to get that 8 plus when the red one came out
no,i hate how people call the iphone xr 10 r instead of x r
no,what is the most expensive thing youve ever bought honestly
no,ugh i dropped my iphone x in water and im so djdjdj pls i hate myself
no,i was really hoping your post about your iphone xs being in a bootloop was just an april fools joke guess not that sucks hella bad dude sorry man my buddies iphone x bootlooped yesterday too except his was random no jailbreak at all
no,dont understand why people hate agaisnt the iphone x
no,the galaxy note 9 is more expensive than the iphone x what
no,definitely agree with you ive always been with apple
no,i hate when my iphone x screenshot some sht on accident
no,to make an iphone 5 x would be a total loss of revenue when they can completely capitalize on the x screen design
no,its okay im on my third iphone x cuz i keep breaking them hahaha i feel so bad
no,but do you have 2 consoles
yes,because we didnt need a new iphone when i had the 8 but damn right i have the x cmon
yes,bts doesnt need expensive dslr cameras they use their iphone x and their imacs
no,i see useless la org tu curik pon xper la sis dah ada baru tu pon mungkin rezeki utk beli phone baru i pon berhijrah ke iphone plak dah lama x guna kan haha
no,because some broke girls manage to get an iphone6 they think they av made it lemme remind u there are a lot of expensive androids
no,i dont think settling for an iphone x with built ipod technology is a bad choice tbh
no,i hate peoples snaps with the iphone x lol there faces be hella zoomed in and up close for no reason i feel like telling them back up but its not even there fault
no,apple iphone x a1865 64gb sprint bad finance esn for parts as is bh hekatenflussstoneinfouscategories twtid
no,i wanna crack the back of my x bad just so it doesnt look like every other basic iphone
no,threeuk hi why is my reception soooooo bad in london ive got 4g full bars on the strength yet its utter gargage i have an unlimited package with three i cant access social media the internet sky tv twitter i might as well throw it in the thames its an iphone x
no,this girl told me that bringing a camera while travelling is useless since iphone can shoot better than camera now well
no,so i went to walmart i hate walmart and this just makes it worse besides the point i dropped my phone in the parking lot and it got run over by a monster truck
no,its not that expensive maybe 100 bucks for an exact replica of the iphone x housing in gold and if you follow an ifixit guide im sure you will be fine
yes,im so bad with money walked into the store to buy headphones and ended up buying a new iphone x
no,anyone on here have an iphone x if so
no,personnellement jai l iphone x
no,cest vraiment pas fait pour moi
no,me too as someone who often has 3 iphone x devices on my desk i wanted this so bad what a sad day
yes,you know those relationships where the guy buys the girl an iphone x casually
no,only for know there is much chance left to get cydia for a12 or its better to downgrade to a iphone x because i get more and more a bad feeling
no,i dont spend a lot of time using my work iphone
no,why tf is there a green tint on my iphone x screen
no,not sure where you are going maybe you are looking at things from a micro point of view to deny that technologygeneral advancement hadnt driven cost is simply inaccurate dont know what else to say my iphone x is far more expensive than my original bb was more advanced 2
no,hey fyi timcook if this is real
no,pubs are just boring and dumb right now
no,19 best iphone x wallet cases in 2019 ikreamcom20190319bes tiphonexwalletcasesin201932527
no,the new twitter lights out mode is almost useless if you dont own an iphone x
no,idk why
no,wow twitter dark mode looks bad ass on the iphone x
no,ce nest pas tomb dans loreille dune sourde super hte que tu machet l iphone x merci bisous envoie le depuis les states tranquille
no,dear people who hate me
no,didnt realise how ugly i was until i accidentally opened front camera on iphone x bloody hell theres no hiding anything with this bad boy
no,too bad the early access crashes on the iphone x r within 10 min of playing
no,pictures from the p30 look next level makes my iphone x look bad
no,oh my bad lol its from the iphone x
no,timcook apple iphone x which is water resistant stops working without the red indicator showingapple repair stores completely useless
no,150 fake iphone x vs 1150 iphone x how bad can it be phoneheadlinecom20190328150 fakeiphonexvs1150iphonexhowbadcanitbe
no,apple iphone x 64gb smartphone space gray sprint bad esn asis nqck2lla 64 bids roverebaycomrover171153 2001925501ff34pub5575041009toolid10001campid5337506718customidmpre
no,the bad thing of not having a iphone x is that we kept asking niall where was his emoji button
